<?xml version='1.0' encoding='utf-8'?>
<Articles><article1><Title>Bộ trưởng Tài chính: Chứng khoán Việt đang trong giai đoạn rất tốt</Title><Artical>https://dantri.com.vn/kinh-doanh/bo-truong-tai-chinh-chung-khoan-viet-dang-trong-giai-doan-rat-tot-20220602105935624.htm</Artical><Picture>https://icdn.dantri.com.vn/zoom/186_124/2022/06/02/chung-khoanckhsxhnxhuu-khoa2-crop-crop-1642722603499-1654142192521.png</Picture><Content>Sáng nay (2/6), phát biểu tại hội trường tại phiên thảo luận kinh tế - xã hội, Bộ trưởng Bộ Tài chính Hồ Đức Phớc đánh giá cao thị trường vốn của Việt Nam (gồm thị trường chứng khoán, thị trường trái phiếu, thị trường phái sinh).Theo ông, thị trường chứng khoán của Việt Nam còn non trẻ, mới chỉ 22 năm, nhưng có nhiều tín hiệu tích cực, trong khi các nước tiên tiến đã có trên 500 năm rồi. "Thị trường chứng khoán là kênh huy động vốn, kênh đầu tư trung và dài hạn", Bộ trưởng khẳng định.Đối với thị trường cổ phiếu, năm 2021, giao dịch đạt gần 7,7 triệu tỷ đồng, chiếm 92% GDP và tăng 46,7% so với năm 2020. Bình quân giao dịch một ngày trên 26.000 tỷ đồng.Đối với trái phiếu, bên cạnh trái phiếu Chính phủ, trái phiếu doanh nghiệp năm 2021 đạt 1,37 triệu tỷ đồng, tương đương 15% GDP. Nếu so với các nước trong khu vực, số liệu của Việt Nam vẫn còn thấp, tuy nhiên, ông Phớc cho rằng đây lại là tiềm năng phát triển của thị trường.Tỷ trọng trái phiếu doanh nghiệp chỉ chiếm 10% trên vốn tín dụng của các ngân hàng (khoảng 13 triệu tỷ đồng)."Thị trường chứng khoán của chúng ta thời gian qua có thể nói là rất tốt để phục vụ cho việc phát triển kinh tế, xã hội. Còn về một số vụ việc sai phạm, đây là sai phạm so với Luật Chứng khoán và với các Nghị định liên quan mà Chính phủ ban hành", Bộ trưởng nhìn nhận.Bộ trưởng Tài chính khẳng định thị trường chứng khoán vẫn "rất tốt", đặc biệt đặt trong bối cảnh là kênh huy động vốn (Ảnh: Quốc Chính).Lãnh đạo Bộ Tài chính lấy dẫn chứng các sự việc thao túng chứng khoán, lừa dối khách hàng, giả mạo hồ sơ, tài liệu để lừa dối khách hàng… đều đã được cơ quan pháp luật xử lý nghiêm minh. Còn về phía Bộ Tài chính, cơ quan này đã có những thông báo, cảnh báo về rủi ro trên thị trường vốn cho người dân.Bộ trưởng Hồ Đức Phớc tin rằng thị trường chứng khoán vẫn là kênh huy động vốn trung và dài hạn rất tốt. Sắp tới, Bộ Tài chính trình Chính phủ để ban hành Nghị định nhằm nâng cao tính minh bạch trên thị trường chứng khoán, đồng thời, kiến nghị sửa Luật Chứng khoán theo hướng siết doanh nghiệp phát hành trái phiếu, cổ phiếu.Trước đó, trong ngày 1/6, đại biểu Quốc hội Hà Sỹ Đồng (đoàn Quảng Trị) đặt câu hỏi liệu có dòng tiền rẻ từ Ngân hàng Nhà nước bơm ra, một phần đáng kể đã tràn vào thị trường chứng khoán nói riêng, thị trường bất động sản và nhiều thị trường tài sản tài chính nói chung. Ông cho rằng hệ lụy là toàn thị trường tài chính - tiền tệ và tổng thể nền kinh tế đã bị bóp méo và đang gia tăng tích tụ rủi ro.Trong khi đó, đại biểu Trịnh Xuân An đề nghị tăng cường quản lý, giám sát thị trường chứng khoán, thị trường trái phiếu doanh nghiệp, thị trường bất động sản. Những vụ việc vừa qua cho thấy thị trường vốn của nước ta rất mong manh và dễ bị thao túng, tác động, can thiệp.Do đó, cần theo dõi, giám sát và xử lý nghiêm các hành vi thao túng giá, làm giá, thực hiện sai nghĩa vụ công bố thông tin. Tuy nhiên, đại biểu lưu ý, xử lý sai phạm nhưng không hình sự hóa các quan hệ kinh tế, sai phạm đến đâu xử đến đó; doanh nghiệp càng lớn thì trách nhiệm đối với xã hội và nền kinh tế càng phải cao.Việc rà soát chính sách quản lý đối với các loại thị trường quan trọng này, theo đại biểu, tránh tình trạng lúc quá mở, lúc lại bóp nghẹt làm ảnh hưởng đến các kênh dẫn vốn của nền kinh tế, đồng thời cũng để không xảy ra "quả bom" trái phiếu doanh nghiệp, dẫn đến hiệu ứng domino trong thị trường vốn.</Content></article1><article2><Title>Hải quan chỉ đạo "nóng", rà soát hoạt động các tổ chức nhận xe biếu, tặng</Title><Artical>https://dantri.com.vn/kinh-doanh/hai-quan-chi-dao-nong-ra-soat-hoat-dong-cac-to-chuc-nhan-xe-bieu-tang-20220602083804471.htm</Artical><Picture>https://icdn.dantri.com.vn/zoom/186_124/2022/06/02/o-to-nhap-khau-giam-gia-len-toi-300-trieu-dongdocx-1639266961719-crop-1654133616390.jpeg</Picture><Content>Cụ thể, Tổng cục Hải quan yêu cầu Cục Hải quan các tỉnh, thành phố kiểm tra, xác minh thông tin về tình hình hoạt động của tổ chức nhận quà biếu, tặng và thực hiện xác minh tại địa chỉ đăng ký kinh doanh đối với tổ chức hoặc địa chỉ ghi trên đơn đề nghị đối với cá nhân.Trong trường hợp có dấu hiệu bất thường như công ty không có hoạt động tại địa chỉ đăng ký, công ty đã giải thể, phá sản, bỏ trốn hoặc người đại diện doanh nghiệp, người đứng tên trên đơn đề nghị phủ nhận việc được biếu tặng thì từ chối cấp giấy phép nhập khẩu. Tổng cục Hải quan yêu cầu các đơn vị hải quan địa phương báo cáo và gửi hồ sơ đề nghị cấp giấy phép nhập khẩu về Tổng cục để xác minh đối với các trường hợp nghi vấn về giấy tờ cho, biếu, tặng hoặc chứng từ chứng minh quan hệ giữa người cho tặng và người nhận có dấu hiệu giả mạo; từ khi Thông tư 143/2015 của Bộ Tài chính có hiệu lực, doanh nghiệp nhập khẩu thường xuyên xe dưới dạng quà biếu, tặng theo định lượng quy định.Khi xem xét hồ sơ mà phát hiện các dấu hiệu bất thường khác thì phải xác minh làm rõ trước khi chấp nhận hay từ chối cấp phép.Tổng cục Hải quan cũng chỉ đạo các cục hải quan tỉnh, thành phố cấp giấy phép nhập khẩu rà soát, báo cáo các hồ sơ đã được cấp giấy phép nhập khẩu ô tô dưới dạng quà biếu, tặng đã được cấp trong 6 năm (2016-2021) và 5 tháng đầu năm 2022.Trường hợp có nghi vấn về giấy đăng ký kinh doanh đối với tổ chức, về thân nhân đối với cá nhân thì thực hiện trao đổi, phối hợp với cơ quan thuế nội địa, cơ quan cấp giấy đăng ký kinh doanh hoặc cơ quan công an nơi xác nhận trên đơn đề nghị đối với cá nhân để xác minh thông tin. Trường hợp có dấu hiệu bất thường như công ty không hoạt động tại địa chỉ đăng ký, công ty đã giải thể, phá sản, bỏ trốn hoặc người đại diện doanh nghiệp, người đứng tên trên đơn đề nghị phủ nhận việc nhập khẩu xe thì chuyển hồ sơ cho cơ quan cảnh sát điều tra xử lý theo quy định.Cục hải quan tỉnh, thành phố thực hiện thủ tục nhập khẩu xe chỉ đạo các chi cục hải quan cửa khẩu rà soát hồ sơ nhập khẩu và báo cáo Tổng cục Hải quan.Trước đó, Phó Thủ tướng Lê Minh Khái đã giao Bộ Tài chính chủ trì, phối hợp với các Bộ Công Thương, Tư pháp, Giao thông vận tải, Ngoại giao, Công an và các cơ quan liên quan rà soát khung khổ pháp luật và tổng kết, đánh giá kết quả triển khai thực hiện để kịp thời đề xuất biện pháp cụ thể, hợp lý, khả thi, phù hợp với quy định pháp luật để quản lý đối với ô tô nhập khẩu, tạm nhập khẩu không nhằm mục đích thương mại trong trường hợp bãi bỏ quy định cấp giấy phép tại Thông tư số 143/2015, bảo đảm chặt chẽ, đúng quy định pháp luật, đúng thẩm quyền, không để xảy ra tình trạng trục lợi, buôn lậu, vi phạm pháp luật.Bộ Tài chính đã giao Tổng cục Hải quan khẩn trương hoàn thành việc rà soát khung khổ pháp luật và tổng kết, đánh giá kết quả triển khai thực hiện Thông tư 143/2015 để kịp thời đề xuất biện pháp cụ thể, hợp lý, khả thi, phù hợp với quy định của pháp luật để quản lý đối với ô tô nhập khẩu, tạm nhập khẩu không nhằm mục đích thương mại.Thống kê của Tổng cục Hải quan cho thấy, năm 2016, xe nhập khẩu theo hình thức quà biếu, tặng là 1.064 chiếc, năm 2017 là 987 chiếc, năm 2018 là 266 chiếc, năm 2019 là 213 chiếc, năm 2020 là 488 chiếc, năm 2021 là 795 chiếc. Từ 1/1/2022 đến 22/5/2022 là 166 chiếc.Tổng xe nhập khẩu theo hình thức quà biếu tặng từ năm 2016 đến nay là 3.979 chiếc, chiếm 0,85% trong tổng số ô tô 9 chỗ ngồi trở xuống nhập khẩu. Tổng số thuế thu từ năm 2016 đến 22/5/2022 là 12.644 tỷ đồng.</Content></article2><article3><Title>Thẻ ghi nợ quốc tế SHB Visa Debit ra mắt diện mạo mới, tung loạt ưu đãi</Title><Artical>https://dantri.com.vn/kinh-doanh/the-ghi-no-quoc-te-shb-visa-debit-ra-mat-dien-mao-moi-tung-loat-uu-dai-20220602083039144.htm</Artical><Picture>https://icdn.dantri.com.vn/zoom/186_124/2022/06/02/the-ghi-no-quoc-te-shb-visa-debit-ra-mat-dien-mao-moi-tung-loat-uu-dai-crop-1654133291094.jpeg</Picture><Content>Thay vì thiết kế thẻ ngang truyền thống, thẻ SHB Visa Debit mới có thiết kế theo chiều dọc thân thiện người dùng, giúp dễ dàng đưa thẻ vào thiết bị đầu đọc hoặc ATM. Thẻ SHB Visa Debit sau nâng cấp không chỉ có mức phí chuyển đổi ngoại tệ (2,2% số tiền giao dịch đã quy đổi) thấp nhất trong các sản phẩm thẻ quốc tế của SHB mà còn rất cạnh tranh so với các ngân hàng TMCP khác tại Việt Nam, giúp khách hàng an tâm hơn khi chi tiêu thẻ tại nước ngoài hay mua sắm online trên các trang mạng quốc tế. Bên cạnh đó, hạn mức rút tiền được tăng lên 100 triệu đồng/ngày và 10 triệu đồng /lần.Nhân dịp ra mắt thẻ SHB Visa Debit với diện mạo mới, SHB ưu đãi miễn phí phát hành thẻ từ nay đến hết năm 2022. SHB sẽ hoàn 100.000 đồng cho 1.500 thẻ mới phát hành có phát sinh giao dịch mua hàng trực tuyến sớm nhất chỉ từ 500.000 đồng.Đồng thời, khách hàng vẫn được hưởng các chương trình khuyến mại của tổ chức thẻ thế giới Visa và các chương trình mua sắm thanh toán với mức ưu đãi lên tới 50% dành cho các dịch vụ nhà hàng, khách sạn, spa, du lịch… trong hệ thống danh sách đối tác của SHB.Với thẻ SHB Visa Debit, đại diện SHB cho biết, khách hàng có thể rút tiền hay thanh toán thẻ trên toàn thế giới an toàn và tiện lợi mà không cần dùng tiền mặt, không cần lo lắng việc mua bán ngoại tệ. Thẻ được bảo mật với công nghệ 3D secure hàng đầu và công nghệ thẻ chip tích hợp thanh toán không tiếp xúc - contactless (thanh toán một chạm) giúp việc chi tiêu qua thẻ an toàn và nhanh chóng hơn. Trong quá trình sử dụng thẻ SHB Visa Debit, khách hàng có thể thay đổi hạn mức chi tiêu thẻ linh hoạt theo nhu cầu cá nhân và sao kê hàng tháng để kiểm soát các giao dịch phát sinh.Nhằm tri ân khách hàng đã tin tưởng và sử dụng dịch vụ của SHB, bên cạnh việc đem lại những tính năng, dịch vụ hiện đại, nâng cao chất lượng sản phẩm, tăng cường an toàn bảo mật, ngân hàng cho biết, sẽ tiếp tục mang đến cho khách hàng nhiều chính sách ưu đãi, khuyến mại hấp dẫn, tối ưu lợi ích và niềm vui cho khách hàng khi sử dụng các sản phẩm dịch vụ của SHB.</Content></article3><article4><Title>Vàng trong nước đi ngang, chênh lệch mua bán vẫn cao ngất</Title><Artical>https://dantri.com.vn/kinh-doanh/vang-trong-nuoc-di-ngang-chenh-lech-mua-ban-van-cao-ngat-20220602075230044.htm</Artical><Picture>https://icdn.dantri.com.vn/zoom/186_124/2022/03/25/gia-vang-137-anh-tien-tuan-1648167235827.jpg</Picture><Content>Cập nhật lúc 9h sáng nay (2/6), các doanh nghiệp lớn ở Hà Nội giao dịch vàng miếng SJC tại 68,55 - 69,47 triệu đồng/lượng (mua - bán), tăng 250.000 đồng ở chiều mua và tăng 150.000 đồng ở chiều bán so với phiên 1/6. Tại TPHCM, giá thu mua tương đương Hà Nội nhưng bán ra rẻ hơn 20.000 đồng. Chênh lệch mua bán dao động 900.000 - 920.000 đồng/lượng.Còn trên thị trường quốc tế, giá vàng giao ngay trên Kitco ở mức 1.847 USD/ounce (tương đương 51,73 triệu đồng/lượng), tăng 13 USD so với hôm qua. Quy đổi theo tỷ giá USD tự do chưa thuế phí, vàng thế giới đang rẻ hơn trong nước 17,59 triệu đồng/lượng.2 tuần nay, giá vàng thế giới bị mắc kẹt ở dưới 1.850 USD/ounce (Ảnh: Tiến Tuấn).2 tuần nay, giá vàng thế giới bị mắc kẹt ở dưới 1.850 USD/ounce nhưng nhu cầu về vàng vật chất vẫn tăng. Cục đúc tiền kim loại Mỹ (US Mint) cho biết, họ đã bán được 147.000 ounce đồng tiền thỏi American Eagle Gold với nhiều mệnh giá khác nhau trong tháng 5, tăng 67% so với tháng trước.Tính từ đầu năm, nhu cầu vàng thỏi tăng 617%, doanh số bán vàng thỏi tăng 400% so với mức trung bình 5 năm từ 2015 đến 2019. Phillip Streible, chiến lược gia tại Blue Line Futures cho rằng giá vàng đang không phản ánh đúng tình hình hiện tại. "Doanh số bán vàng thỏi cho thấy sự lo lắng, bất an của các nhà đầu tư về thị trường. Do đó, vàng vẫn luôn là tài sản đảm bảo, kênh trú ẩn an toàn mà nhiều người hướng tới, cả kể khi giá của chúng không được như kỳ vọng", ông nói.Đồng quan điểm, Daniel Pavilonis, nhà môi giới cấp cao từ RJO Futures cũng cho rằng, muốn biết tâm lý thị trường thì hãy nhìn vào doanh số bán vàng thỏi. Dù hiện tại, thị trường vàng đang bị ràng buộc, mắc kẹt bởi các đợt tăng lãi suất. Nếu đúng như dự kiến, Fed sẽ nâng lãi suất cơ bản thêm 0,5% vào kỳ điều chỉnh tiếp theo. Việc tăng lãi suất thêm 0,5% sẽ khiến lãi suất quỹ liên bang lên khoảng 0,75% - 1%.Mặc dù các thị trường kỳ vọng Fed sẽ mạnh tay thắt chặt chính sách tiền tệ nhưng ông Pavilonis không nghĩ thế vì lãi suất tăng nhanh có thể gây ra mức thâm hụt kép cho Chính phủ. Ông cũng lạc quan về giá vàng trong năm nay vì lạm phát có thể kéo dài khi căng thẳng địa chính trị trên thế giới không hạ nhiệt.</Content></article4></Articles>