<case>
    <number>1</number>
    <age></age>
    <sex></sex>
    <composition></composition>
    <echogenicity></echogenicity>
    <margins></margins>
    <calcifications></calcifications>
    <tirads></tirads>
    <reportbacaf></reportbacaf>
    <reporteco></reporteco>
    <mark>
        <image>1</image>
        <svg>[{"points": [{"x": 385, "y": 182}, {"x": 398, "y": 179}, {"x": 404, "y": 176}, {"x": 409, "y": 173}, {"x":
            415, "y": 159}, {"x": 417, "y": 153}, {"x": 421, "y": 143}, {"x": 421, "y": 136}, {"x": 419, "y": 76}, {"x":
            412, "y": 73}, {"x": 406, "y": 69}, {"x": 393, "y": 61}, {"x": 390, "y": 57}, {"x": 383, "y": 53}, {"x":
            378, "y": 50}, {"x": 369, "y": 44}, {"x": 360, "y": 42}, {"x": 352, "y": 42}, {"x": 348, "y": 42}, {"x":
            340, "y": 41}, {"x": 331, "y": 40}, {"x": 321, "y": 40}, {"x": 311, "y": 39}, {"x": 304, "y": 39}, {"x":
            294, "y": 42}, {"x": 270, "y": 43}, {"x": 264, "y": 42}, {"x": 253, "y": 41}, {"x": 242, "y": 39}, {"x":
            231, "y": 37}, {"x": 221, "y": 36}, {"x": 209, "y": 35}, {"x": 190, "y": 39}, {"x": 164, "y": 49}, {"x":
            158, "y": 51}, {"x": 146, "y": 69}, {"x": 137, "y": 80}, {"x": 133, "y": 89}, {"x": 136, "y": 236}, {"x":
            142, "y": 244}, {"x": 149, "y": 251}, {"x": 161, "y": 261}, {"x": 210, "y": 271}, {"x": 217, "y": 274},
            {"x": 223, "y": 279}, {"x": 228, "y": 284}, {"x": 235, "y": 290}, {"x": 261, "y": 294}, {"x": 301, "y":
            296}, {"x": 309, "y": 294}, {"x": 320, "y": 287}, {"x": 326, "y": 283}, {"x": 327, "y": 281}, {"x": 332,
            "y": 271}, {"x": 338, "y": 263}, {"x": 347, "y": 253}, {"x": 348, "y": 240}, {"x": 349, "y": 222}, {"x":
            360, "y": 212}, {"x": 369, "y": 207}, {"x": 372, "y": 198}, {"x": 382, "y": 183}, {"x": 383, "y": 181},
            {"x": 386, "y": 181}], "annotation": {}, "regionType": "freehand"}]
        </svg>
    </mark>
    <mark>
        <image>2</image>
        <svg>[{"points": [{"x": 417, "y": 155}, {"x": 418, "y": 76}, {"x": 413, "y": 73}, {"x": 406, "y": 70}, {"x":
            401, "y": 62}, {"x": 393, "y": 56}, {"x": 388, "y": 52}, {"x": 383, "y": 42}, {"x": 374, "y": 41}, {"x":
            365, "y": 41}, {"x": 355, "y": 41}, {"x": 347, "y": 40}, {"x": 340, "y": 40}, {"x": 330, "y": 40}, {"x":
            325, "y": 39}, {"x": 318, "y": 39}, {"x": 313, "y": 39}, {"x": 301, "y": 39}, {"x": 277, "y": 39}, {"x":
            264, "y": 39}, {"x": 249, "y": 41}, {"x": 241, "y": 41}, {"x": 236, "y": 37}, {"x": 220, "y": 35}, {"x":
            207, "y": 35}, {"x": 194, "y": 42}, {"x": 183, "y": 46}, {"x": 172, "y": 52}, {"x": 160, "y": 57}, {"x":
            137, "y": 88}, {"x": 136, "y": 104}, {"x": 144, "y": 241}, {"x": 148, "y": 242}, {"x": 159, "y": 243}, {"x":
            173, "y": 244}, {"x": 181, "y": 250}, {"x": 188, "y": 258}, {"x": 192, "y": 264}, {"x": 200, "y": 274},
            {"x": 208, "y": 277}, {"x": 232, "y": 285}, {"x": 241, "y": 288}, {"x": 288, "y": 296}, {"x": 310, "y":
            296}, {"x": 322, "y": 290}, {"x": 327, "y": 284}, {"x": 332, "y": 274}, {"x": 338, "y": 264}, {"x": 344,
            "y": 258}, {"x": 348, "y": 251}, {"x": 350, "y": 242}, {"x": 354, "y": 226}, {"x": 356, "y": 217}, {"x":
            367, "y": 206}, {"x": 390, "y": 204}, {"x": 395, "y": 204}, {"x": 404, "y": 203}, {"x": 410, "y": 200},
            {"x": 417, "y": 193}, {"x": 419, "y": 190}, {"x": 417, "y": 153}], "annotation": {}, "regionType":
            "freehand"}]
        </svg>
    </mark>
</case>